uwm;pwm;cwm;con;bex;ran
86.4984691228;86.4870476247;84.8562588265;85.9188654516;66.5626666667;67.3609649123
