uwm;pwm;cwm;con;bex;ran
91.9950268421;92.5947293099;96.8400259329;95.3837487995;97.9930877193;85.3588421053
