uwm;pwm;cwm;con;bex;ran
13.0572302386;13.0722941776;14.4195404548;13.0572302386;312.875187435;328.069241297
