uwm;pwm;cwm;con;bex;ran
16.1807407902;14.040043509;1.99669483073;1.9943569132;3.92322179132;90.0111294503
