uwm;pwm;cwm;con;bex;ran
92.2539780702;92.5095718533;92.1247703145;92.2467894737;89.8094736842;84.907245614
