uwm;pwm;cwm;con;bex;ran
92.7030105263;92.5566577088;80.427691572;82.0868184405;89.8194210526;87.9739473684
