uwm;pwm;cwm;con;bex;ran
93.0964561404;93.0859494665;89.9457110031;93.0798879142;89.8152982456;86.2826140351
