uwm;pwm;cwm;con;bex;ran
92.9044868421;92.7990826015;80.0393442942;83.5057871589;89.705877193;87.1594912281
