uwm;pwm;cwm;con;bex;ran
93.4470321637;93.3292342521;82.4441312595;83.6511842105;91.1957894737;90.2942105263
